date,/m/01b_21_0,/m/01b_21_1,/m/01b_21_2,/m/01b_21_3,/m/01b_21_4,/m/01b_21_5,/m/01b_21_6,/m/01b_21_7,/m/01b_21_8,/m/01b_21_9,/m/01b_21,batch_id
2020-01-01,52.0,55.0,58.0,47.0,31.0,39.0,34.0,62.0,49.0,35.0,50.326797385620914,0
2020-01-02,59.0,45.0,39.0,38.0,49.0,60.0,44.0,45.0,67.0,38.0,52.72331154684096,0
2020-01-03,50.0,43.0,46.0,36.0,78.0,41.0,47.0,43.0,44.0,39.0,50.871459694989106,0
2020-01-04,32.0,43.0,32.0,51.0,53.0,34.0,26.0,35.0,32.0,28.0,39.869281045751634,0
2020-01-05,66.0,36.0,57.0,47.0,70.0,43.0,37.0,52.0,35.0,35.0,52.06971677559913,0
2020-01-06,64.0,38.0,50.0,58.0,65.0,49.0,37.0,61.0,62.0,49.0,58.06100217864924,0
2020-01-07,25.0,27.0,19.0,37.0,30.0,39.0,29.0,31.0,26.0,18.0,30.610021786492375,0
2020-01-08,31.0,22.0,28.0,21.0,27.0,24.0,18.0,25.0,35.0,14.0,26.688453159041394,0
2020-01-09,35.0,30.0,47.0,18.0,44.0,42.0,34.0,37.0,51.0,32.0,40.30501089324619,0
2020-01-10,25.0,14.0,25.0,34.0,24.0,24.0,11.0,32.0,26.0,21.0,25.70806100217865,0
2020-01-11,31.0,36.0,31.0,41.0,49.0,30.0,32.0,24.0,28.0,33.0,36.492374727668846,0
2020-01-12,37.0,42.0,33.0,37.0,47.0,33.0,34.0,44.0,31.0,22.0,39.21568627450981,0
2020-01-13,50.0,42.0,34.0,36.0,42.0,35.0,26.0,34.0,37.0,31.0,39.97821350762528,0
2020-01-14,49.0,34.0,41.0,35.0,44.0,42.0,30.0,44.0,42.0,28.0,42.37472766884532,0
2020-01-15,33.0,29.0,45.0,29.0,23.0,29.0,10.0,39.0,31.0,26.0,32.02614379084967,0
2020-01-16,43.0,43.0,18.0,36.0,30.0,27.0,10.0,25.0,32.0,22.0,31.154684095860567,0
2020-01-17,25.0,22.0,28.0,19.0,31.0,31.0,27.0,13.0,16.0,23.0,25.59912854030501,0
2020-01-18,21.0,21.0,27.0,10.0,37.0,33.0,20.0,21.0,21.0,28.0,26.034858387799567,0
2020-01-19,21.0,36.0,44.0,37.0,63.0,23.0,29.0,28.0,25.0,20.0,35.511982570806104,0
2020-01-20,36.0,34.0,32.0,32.0,29.0,35.0,30.0,41.0,34.0,28.0,36.0566448801743,0
2020-01-21,27.0,29.0,39.0,15.0,22.0,17.0,36.0,30.0,43.0,20.0,30.28322440087146,0
2020-01-22,45.0,29.0,33.0,21.0,42.0,38.0,25.0,30.0,44.0,22.0,35.83877995642702,0
2020-01-23,43.0,40.0,42.0,42.0,23.0,30.0,21.0,31.0,19.0,31.0,35.076252723311555,0
2020-01-24,31.0,22.0,31.0,21.0,24.0,27.0,13.0,35.0,35.0,23.0,28.540305010893245,0
2020-01-25,35.0,18.0,41.0,20.0,37.0,33.0,20.0,17.0,18.0,18.0,27.995642701525057,0
2020-01-26,34.0,26.0,30.0,52.0,29.0,48.0,39.0,63.0,48.0,24.0,42.810457516339866,0
2020-01-27,26.0,18.0,17.0,22.0,28.0,25.0,24.0,35.0,21.0,19.0,25.59912854030501,0
2020-01-28,47.0,42.0,62.0,26.0,41.0,37.0,35.0,36.0,52.0,32.0,44.66230936819172,0
2020-01-29,36.0,32.0,27.0,24.0,32.0,26.0,13.0,33.0,40.0,22.0,31.045751633986928,0
2020-01-30,21.0,19.0,27.0,24.0,33.0,27.0,26.0,27.0,25.0,18.0,26.906318082788673,0
2020-01-31,31.0,27.0,34.0,37.0,43.0,36.0,28.0,40.0,29.0,32.0,36.71023965141613,0
2020-02-01,50.0,45.0,34.0,43.0,54.0,40.0,40.0,30.0,28.0,30.0,42.91938997821351,0
2020-02-02,48.0,57.0,44.0,64.0,52.0,53.0,46.0,55.0,39.0,33.0,53.48583877995643,0
2020-02-03,51.0,40.0,31.0,45.0,64.0,55.0,41.0,57.0,64.0,37.0,52.832244008714596,0
2020-02-04,37.0,24.0,45.0,47.0,69.0,44.0,51.0,46.0,35.0,29.0,46.514161220043576,0
2020-02-05,31.0,36.0,50.0,49.0,40.0,48.0,36.0,50.0,48.0,46.0,47.276688453159046,0
2020-02-06,34.0,33.0,31.0,34.0,44.0,52.0,32.0,38.0,45.0,23.0,39.869281045751634,0
2020-02-07,71.0,31.0,41.0,25.0,38.0,56.0,43.0,48.0,57.0,21.0,46.949891067538125,0
2020-02-08,35.0,30.0,34.0,30.0,33.0,33.0,32.0,34.0,29.0,20.0,33.769063180827885,0
2020-02-09,23.0,26.0,20.0,29.0,18.0,35.0,25.0,37.0,31.0,27.0,29.52069716775599,0
2020-02-10,44.0,36.0,56.0,50.0,42.0,43.0,42.0,65.0,46.0,39.0,50.43572984749456,0
2020-02-11,36.0,24.0,54.0,35.0,42.0,44.0,33.0,42.0,28.0,15.0,38.45315904139433,0
2020-02-12,34.0,29.0,46.0,62.0,66.0,21.0,38.0,33.0,38.0,20.0,42.156862745098046,0
2020-02-13,19.0,27.0,41.0,34.0,37.0,30.0,23.0,28.0,39.0,21.0,32.570806100217865,0
2020-02-14,36.0,50.0,35.0,51.0,62.0,31.0,27.0,39.0,47.0,28.0,44.22657952069717,0
2020-02-15,24.0,21.0,37.0,17.0,37.0,33.0,26.0,31.0,32.0,25.0,30.827886710239653,0
2020-02-16,59.0,43.0,59.0,58.0,74.0,61.0,36.0,49.0,57.0,32.0,57.51633986928105,0
2020-02-17,36.0,18.0,30.0,23.0,32.0,15.0,23.0,39.0,28.0,9.0,27.5599128540305,0
2020-02-18,30.0,16.0,39.0,33.0,39.0,38.0,25.0,33.0,22.0,20.0,32.135076252723316,0
2020-02-19,62.0,24.0,40.0,36.0,43.0,30.0,26.0,28.0,44.0,29.0,39.433551198257085,0
2020-02-20,28.0,21.0,43.0,33.0,43.0,18.0,23.0,27.0,41.0,34.0,33.87799564270153,0
2020-02-21,31.0,38.0,19.0,31.0,54.0,33.0,34.0,31.0,26.0,25.0,35.076252723311555,0
2020-02-22,49.0,31.0,32.0,29.0,39.0,22.0,22.0,30.0,24.0,24.0,32.89760348583878,0
2020-02-23,50.0,20.0,30.0,26.0,18.0,23.0,11.0,20.0,24.0,15.0,25.81699346405229,0
2020-02-24,54.0,44.0,59.0,52.0,38.0,63.0,45.0,54.0,49.0,37.0,53.92156862745098,0
2020-02-25,38.0,36.0,41.0,26.0,25.0,40.0,34.0,46.0,45.0,17.0,37.90849673202614,0
2020-02-26,15.0,36.0,35.0,41.0,42.0,40.0,44.0,44.0,39.0,28.0,39.651416122004356,0
2020-02-27,48.0,36.0,41.0,44.0,51.0,32.0,15.0,54.0,34.0,37.0,42.70152505446624,0
2020-02-28,53.0,40.0,28.0,24.0,44.0,33.0,34.0,37.0,51.0,18.0,39.433551198257085,0
2020-02-29,52.0,40.0,49.0,48.0,49.0,44.0,41.0,45.0,67.0,46.0,52.39651416122005,0
2020-03-01,83.0,51.0,61.0,60.0,76.0,59.0,62.0,61.0,60.0,33.0,66.01307189542484,0
2020-03-02,53.0,48.0,52.0,51.0,50.0,37.0,34.0,75.0,75.0,42.0,56.31808278867103,0
2020-03-03,46.0,46.0,29.0,48.0,50.0,45.0,29.0,44.0,45.0,34.0,45.315904139433556,0
2020-03-04,41.0,43.0,55.0,37.0,31.0,25.0,25.0,58.0,39.0,32.0,42.0479302832244,0
2020-03-05,29.0,36.0,44.0,34.0,57.0,48.0,37.0,61.0,51.0,32.0,46.732026143790854,0
2020-03-06,46.0,41.0,40.0,61.0,46.0,66.0,23.0,40.0,38.0,39.0,47.930283224400874,0
2020-03-07,47.0,44.0,73.0,55.0,72.0,45.0,51.0,58.0,55.0,32.0,57.952069716775604,0
2020-03-08,75.0,42.0,42.0,50.0,42.0,43.0,30.0,54.0,56.0,26.0,50.10893246187364,0
2020-03-09,68.0,42.0,59.0,58.0,85.0,80.0,52.0,76.0,67.0,50.0,69.38997821350763,0
2020-03-10,71.0,54.0,71.0,90.0,71.0,68.0,53.0,74.0,91.0,42.0,74.61873638344227,0
2020-03-11,89.0,100.0,72.0,100.0,90.0,87.0,80.0,100.0,100.0,100.0,100.0,0
2020-03-12,63.0,80.0,85.0,99.0,83.0,75.0,58.0,58.0,99.0,54.0,82.13507625272332,0
2020-03-13,83.0,74.0,69.0,86.0,85.0,74.0,64.0,94.0,69.0,56.0,82.13507625272332,0
2020-03-14,64.0,82.0,89.0,89.0,100.0,80.0,61.0,73.0,92.0,70.0,87.14596949891067,0
2020-03-15,82.0,71.0,93.0,93.0,92.0,78.0,100.0,82.0,85.0,48.0,89.760348583878,0
2020-03-16,100.0,79.0,84.0,86.0,82.0,100.0,69.0,84.0,90.0,68.0,91.72113289760348,0
2020-03-17,67.0,80.0,97.0,78.0,69.0,94.0,63.0,72.0,72.0,65.0,82.46187363834423,0
2020-03-18,54.0,55.0,74.0,83.0,64.0,72.0,52.0,83.0,77.0,58.0,73.20261437908496,0
2020-03-19,50.0,53.0,61.0,54.0,60.0,56.0,54.0,55.0,66.0,34.0,59.150326797385624,0
2020-03-20,87.0,56.0,67.0,60.0,82.0,76.0,66.0,67.0,75.0,66.0,76.47058823529412,0
2020-03-21,50.0,75.0,55.0,61.0,86.0,60.0,58.0,62.0,58.0,51.0,67.10239651416123,0
2020-03-22,67.0,53.0,82.0,81.0,75.0,87.0,51.0,58.0,59.0,54.0,72.65795206971677,0
2020-03-23,63.0,61.0,72.0,64.0,85.0,66.0,53.0,65.0,73.0,42.0,70.15250544662311,0
2020-03-24,58.0,63.0,64.0,68.0,51.0,56.0,65.0,61.0,68.0,52.0,66.01307189542484,0
2020-03-25,69.0,56.0,56.0,84.0,65.0,86.0,69.0,69.0,78.0,57.0,75.05446623093682,0
2020-03-26,48.0,35.0,57.0,44.0,46.0,53.0,48.0,55.0,32.0,42.0,50.10893246187364,0
2020-03-27,56.0,48.0,58.0,74.0,66.0,56.0,42.0,61.0,51.0,43.0,60.45751633986928,0
2020-03-28,72.0,55.0,100.0,77.0,82.0,67.0,48.0,53.0,84.0,67.0,76.79738562091504,0
2020-03-29,70.0,70.0,70.0,44.0,69.0,59.0,54.0,51.0,53.0,51.0,64.37908496732027,0
2020-03-30,54.0,47.0,67.0,60.0,66.0,41.0,34.0,48.0,44.0,39.0,54.46623093681917,0
2020-03-31,40.0,40.0,40.0,58.0,58.0,60.0,39.0,56.0,55.0,33.0,52.17864923747277,0
2020-04-01,55.0,50.0,59.0,45.0,49.0,52.0,41.0,35.0,61.0,53.0,54.46623093681917,0
2020-04-02,57.0,45.0,46.0,37.0,52.0,46.0,54.0,40.0,61.0,32.0,51.19825708061002,0
2020-04-03,45.0,37.0,39.0,27.0,30.0,33.0,28.0,31.0,40.0,27.0,36.71023965141613,0
2020-04-04,42.0,42.0,63.0,50.0,41.0,43.0,45.0,54.0,46.0,40.0,50.76252723311547,0
2020-04-05,52.0,59.0,38.0,50.0,55.0,50.0,59.0,64.0,56.0,37.0,56.64488017429194,0
2020-04-06,46.0,50.0,51.0,45.0,56.0,33.0,43.0,72.0,68.0,33.0,54.13943355119826,0
2020-04-07,55.0,37.0,57.0,57.0,37.0,39.0,27.0,51.0,41.0,50.0,49.128540305010894,0
2020-04-08,35.0,38.0,35.0,49.0,44.0,42.0,39.0,53.0,45.0,26.0,44.22657952069717,0
2020-04-09,36.0,29.0,39.0,38.0,38.0,49.0,28.0,39.0,46.0,38.0,41.394335511982575,0
2020-04-10,47.0,44.0,40.0,32.0,11.0,35.0,22.0,30.0,34.0,22.0,34.531590413943356,0
2020-04-11,63.0,29.0,39.0,39.0,75.0,32.0,58.0,50.0,58.0,46.0,53.26797385620915,0
2020-04-12,44.0,25.0,24.0,37.0,37.0,39.0,26.0,34.0,42.0,23.0,36.0566448801743,0
2020-04-13,54.0,40.0,42.0,68.0,55.0,49.0,23.0,66.0,40.0,35.0,51.4161220043573,0
2020-04-14,38.0,31.0,22.0,37.0,29.0,29.0,20.0,43.0,22.0,26.0,32.35294117647059,0
2020-04-15,54.0,29.0,19.0,48.0,38.0,45.0,30.0,22.0,53.0,33.0,40.41394335511983,0
2020-04-16,38.0,24.0,52.0,54.0,50.0,32.0,25.0,52.0,42.0,32.0,43.68191721132898,0
2020-04-17,37.0,25.0,29.0,37.0,34.0,31.0,43.0,34.0,56.0,21.0,37.79956427015251,0
2020-04-18,33.0,20.0,22.0,28.0,21.0,28.0,30.0,19.0,27.0,12.0,26.143790849673202,0
2020-04-19,53.0,45.0,52.0,51.0,73.0,59.0,52.0,46.0,54.0,47.0,57.952069716775604,0
2020-04-20,28.0,17.0,22.0,32.0,44.0,35.0,25.0,47.0,34.0,24.0,33.551198257080614,0
2020-04-21,28.0,22.0,34.0,42.0,40.0,22.0,24.0,37.0,27.0,19.0,32.135076252723316,0
2020-04-22,46.0,28.0,34.0,28.0,31.0,28.0,22.0,49.0,27.0,34.0,35.62091503267975,0
2020-04-23,39.0,22.0,22.0,14.0,27.0,30.0,19.0,36.0,23.0,35.0,29.084967320261438,0
2020-04-24,28.0,25.0,34.0,39.0,28.0,27.0,24.0,31.0,32.0,25.0,31.917211328976038,0
2020-04-25,25.0,25.0,31.0,37.0,50.0,30.0,26.0,28.0,39.0,32.0,35.18518518518518,0
2020-04-26,38.0,33.0,34.0,31.0,34.0,34.0,29.0,38.0,32.0,28.0,36.0566448801743,0
2020-04-27,40.0,28.0,32.0,28.0,34.0,28.0,24.0,34.0,38.0,22.0,33.551198257080614,0
2020-04-28,45.0,37.0,24.0,26.0,46.0,38.0,25.0,45.0,35.0,27.0,37.90849673202614,0
2020-04-29,33.0,29.0,43.0,37.0,50.0,45.0,28.0,35.0,39.0,30.0,40.19607843137255,0
2020-04-30,36.0,14.0,19.0,21.0,30.0,16.0,28.0,38.0,25.0,16.0,26.47058823529412,0
2020-05-01,27.0,16.0,39.0,24.0,26.0,37.0,25.0,27.0,25.0,13.0,28.21350762527233,0
2020-05-02,27.0,24.0,21.0,21.0,33.0,27.0,15.0,18.0,35.0,16.0,25.81699346405229,0
2020-05-03,22.0,27.0,43.0,37.0,37.0,42.0,21.0,34.0,29.0,32.0,35.294117647058826,0
2020-05-04,42.0,21.0,26.0,23.0,31.0,43.0,26.0,50.0,35.0,23.0,34.85838779956427,0
2020-05-05,18.0,24.0,23.0,33.0,14.0,5.0,26.0,26.0,16.0,24.0,22.766884531590414,0
2020-05-06,17.0,27.0,19.0,27.0,41.0,21.0,19.0,25.0,25.0,20.0,26.25272331154684,0
2020-05-07,20.0,22.0,23.0,22.0,24.0,14.0,33.0,25.0,29.0,16.0,24.836601307189543,0
2020-05-08,20.0,12.0,14.0,28.0,16.0,22.0,2.0,20.0,18.0,15.0,18.191721132897605,0
2020-05-09,20.0,30.0,37.0,33.0,33.0,20.0,17.0,27.0,38.0,30.0,31.045751633986928,0
2020-05-10,33.0,19.0,27.0,26.0,33.0,20.0,25.0,24.0,22.0,13.0,26.36165577342048,0
2020-05-11,35.0,23.0,21.0,23.0,31.0,28.0,33.0,27.0,33.0,15.0,29.302832244008716,0
2020-05-12,32.0,14.0,27.0,32.0,35.0,28.0,34.0,32.0,47.0,31.0,33.98692810457516,0
2020-05-13,3.0,21.0,22.0,21.0,27.0,18.0,23.0,19.0,23.0,24.0,21.89542483660131,0
2020-05-14,17.0,17.0,30.0,22.0,21.0,11.0,14.0,22.0,31.0,10.0,21.241830065359476,0
2020-05-15,33.0,39.0,36.0,27.0,38.0,34.0,21.0,30.0,37.0,20.0,34.31372549019608,0
2020-05-16,15.0,13.0,21.0,21.0,20.0,12.0,13.0,24.0,19.0,16.0,18.95424836601307,0
2020-05-17,39.0,5.0,36.0,27.0,39.0,39.0,23.0,24.0,32.0,27.0,31.69934640522876,0
2020-05-18,30.0,24.0,19.0,8.0,21.0,37.0,25.0,22.0,20.0,14.0,23.965141612200437,0
2020-05-19,25.0,34.0,35.0,32.0,32.0,21.0,32.0,46.0,39.0,22.0,34.64052287581699,0
2020-05-20,20.0,15.0,6.0,9.0,12.0,22.0,5.0,20.0,9.0,10.0,13.943355119825709,0
2020-05-21,7.0,9.0,17.0,20.0,7.0,17.0,14.0,21.0,11.0,5.0,13.943355119825709,0
2020-05-22,19.0,11.0,25.0,31.0,35.0,31.0,21.0,19.0,26.0,16.0,25.490196078431374,0
2020-05-23,25.0,11.0,30.0,27.0,17.0,36.0,18.0,28.0,25.0,20.0,25.81699346405229,0
2020-05-24,33.0,29.0,42.0,36.0,46.0,23.0,28.0,30.0,19.0,22.0,33.551198257080614,0
2020-05-25,22.0,14.0,16.0,16.0,23.0,13.0,23.0,11.0,14.0,14.0,18.08278867102397,0
2020-05-26,14.0,12.0,25.0,19.0,18.0,17.0,21.0,31.0,18.0,10.0,20.152505446623096,0
2020-05-27,27.0,26.0,28.0,19.0,21.0,34.0,23.0,33.0,20.0,22.0,27.5599128540305,0
2020-05-28,17.0,25.0,20.0,34.0,25.0,22.0,14.0,31.0,20.0,12.0,23.965141612200437,0
2020-05-29,24.0,20.0,24.0,12.0,16.0,29.0,20.0,27.0,9.0,13.0,21.132897603485837,0
2020-05-30,21.0,27.0,7.0,34.0,30.0,23.0,35.0,28.0,21.0,13.0,26.034858387799567,0
2020-05-31,45.0,15.0,24.0,24.0,33.0,30.0,32.0,35.0,39.0,15.0,31.8082788671024,0
2020-06-01,35.0,27.0,28.0,48.0,25.0,28.0,26.0,29.0,24.0,29.0,32.570806100217865,0
2020-06-02,20.0,12.0,11.0,23.0,18.0,17.0,19.0,17.0,26.0,17.0,19.607843137254903,0
2020-06-03,19.0,19.0,19.0,19.0,9.0,27.0,12.0,11.0,11.0,12.0,17.21132897603486,0
2020-06-04,33.0,29.0,22.0,21.0,38.0,32.0,23.0,28.0,20.0,18.0,28.758169934640524,0
2020-06-05,14.0,15.0,14.0,17.0,12.0,22.0,19.0,28.0,18.0,15.0,18.95424836601307,0
2020-06-06,6.0,13.0,15.0,15.0,16.0,17.0,8.0,9.0,9.0,17.0,13.616557734204793,0
2020-06-07,33.0,23.0,42.0,25.0,25.0,28.0,38.0,39.0,37.0,21.0,33.87799564270153,0
2020-06-08,25.0,22.0,27.0,30.0,33.0,26.0,16.0,25.0,25.0,30.0,28.21350762527233,0
2020-06-09,26.0,25.0,9.0,17.0,19.0,20.0,10.0,17.0,18.0,15.0,19.17211328976035,0
2020-06-10,21.0,16.0,21.0,33.0,36.0,18.0,15.0,18.0,13.0,18.0,22.766884531590414,0
2020-06-11,12.0,22.0,46.0,21.0,27.0,12.0,29.0,34.0,32.0,30.0,28.867102396514163,0
2020-06-12,26.0,17.0,22.0,16.0,28.0,12.0,14.0,26.0,27.0,19.0,22.54901960784314,0
2020-06-13,14.0,16.0,4.0,21.0,15.0,14.0,12.0,14.0,18.0,8.0,14.814814814814815,0
2020-06-14,24.0,24.0,17.0,20.0,22.0,27.0,15.0,24.0,7.0,13.0,21.0239651416122,0
2020-06-15,30.0,8.0,18.0,23.0,22.0,15.0,10.0,12.0,12.0,15.0,17.973856209150327,0
2020-06-16,29.0,20.0,20.0,31.0,25.0,22.0,22.0,17.0,24.0,10.0,23.965141612200437,0
2020-06-17,9.0,16.0,21.0,9.0,22.0,12.0,10.0,9.0,9.0,13.0,14.161220043572985,0
2020-06-18,16.0,31.0,16.0,25.0,17.0,15.0,19.0,19.0,20.0,14.0,20.915032679738562,0
2020-06-19,24.0,18.0,24.0,12.0,13.0,8.0,10.0,8.0,17.0,9.0,15.577342047930284,0
2020-06-20,31.0,12.0,21.0,10.0,22.0,20.0,23.0,31.0,21.0,13.0,22.22222222222222,0
2020-06-21,36.0,17.0,7.0,16.0,28.0,13.0,14.0,16.0,23.0,14.0,20.043572984749453,0
2020-06-22,23.0,33.0,37.0,31.0,40.0,22.0,19.0,26.0,18.0,21.0,29.411764705882355,0
2020-06-23,22.0,16.0,12.0,27.0,27.0,21.0,13.0,15.0,29.0,18.0,21.78649237472767,0
2020-06-24,22.0,8.0,13.0,9.0,21.0,12.0,5.0,22.0,16.0,14.0,15.468409586056646,0
2020-06-25,16.0,11.0,25.0,12.0,10.0,6.0,11.0,16.0,13.0,9.0,14.052287581699346,0
2020-06-26,42.0,14.0,19.0,19.0,21.0,16.0,11.0,13.0,24.0,10.0,20.588235294117645,0
2020-06-27,14.0,12.0,18.0,10.0,19.0,7.0,9.0,7.0,11.0,8.0,12.52723311546841,0
2020-06-28,22.0,17.0,22.0,25.0,27.0,15.0,18.0,13.0,29.0,19.0,22.54901960784314,0
2020-06-29,14.0,15.0,20.0,9.0,28.0,22.0,17.0,23.0,30.0,21.0,21.67755991285403,0
2020-06-30,9.0,5.0,9.0,17.0,12.0,14.0,10.0,11.0,12.0,6.0,11.437908496732026,0
2020-07-01,24.0,13.0,15.0,20.0,13.0,17.0,7.0,23.0,18.0,15.0,17.973856209150327,0
2020-07-02,9.0,16.0,18.0,20.0,9.0,14.0,10.0,18.0,9.0,11.0,14.596949891067538,0
2020-07-03,9.0,11.0,19.0,12.0,30.0,15.0,18.0,16.0,19.0,18.0,18.191721132897605,0
2020-07-04,16.0,11.0,22.0,16.0,27.0,22.0,13.0,26.0,16.0,12.0,19.716775599128542,0
2020-07-05,15.0,24.0,15.0,27.0,20.0,21.0,20.0,21.0,16.0,20.0,21.67755991285403,0
2020-07-06,26.0,12.0,11.0,14.0,15.0,16.0,14.0,11.0,12.0,17.0,16.122004357298476,0
2020-07-07,6.0,5.0,12.0,18.0,16.0,9.0,18.0,18.0,16.0,7.0,13.616557734204793,0
2020-07-08,22.0,21.0,24.0,21.0,33.0,18.0,18.0,21.0,22.0,4.0,22.22222222222222,0
2020-07-09,32.0,19.0,13.0,16.0,20.0,28.0,19.0,13.0,13.0,9.0,19.825708061002178,0
2020-07-10,13.0,17.0,19.0,13.0,24.0,6.0,13.0,19.0,26.0,9.0,17.320261437908496,0
2020-07-11,7.0,15.0,13.0,10.0,18.0,20.0,9.0,20.0,21.0,12.0,15.79520697167756,0
2020-07-12,14.0,12.0,17.0,17.0,11.0,6.0,9.0,14.0,3.0,7.0,11.982570806100219,0
2020-07-13,25.0,16.0,9.0,15.0,17.0,6.0,23.0,28.0,22.0,14.0,19.06318082788671,0
2020-07-14,6.0,16.0,15.0,15.0,23.0,15.0,15.0,9.0,22.0,9.0,15.79520697167756,0
2020-07-15,25.0,19.0,28.0,25.0,27.0,21.0,18.0,19.0,26.0,11.0,23.856209150326798,0
2020-07-16,13.0,14.0,7.0,16.0,11.0,22.0,11.0,13.0,21.0,5.0,14.488017429193901,0
2020-07-17,18.0,9.0,21.0,11.0,15.0,17.0,12.0,4.0,19.0,16.0,15.468409586056646,0
2020-07-18,19.0,16.0,18.0,22.0,32.0,25.0,9.0,15.0,11.0,8.0,19.06318082788671,0
2020-07-19,25.0,18.0,14.0,24.0,23.0,23.0,9.0,17.0,22.0,10.0,20.152505446623096,0
2020-07-20,12.0,24.0,24.0,21.0,26.0,15.0,23.0,12.0,19.0,18.0,21.132897603485837,0
2020-07-21,19.0,3.0,13.0,9.0,17.0,15.0,16.0,3.0,23.0,14.0,14.379084967320262,0
2020-07-22,20.0,20.0,13.0,16.0,10.0,22.0,5.0,13.0,10.0,12.0,15.359477124183007,0
2020-07-23,6.0,14.0,13.0,6.0,7.0,6.0,3.0,13.0,7.0,7.0,8.932461873638344,0
2020-07-24,16.0,11.0,16.0,9.0,10.0,12.0,16.0,6.0,20.0,2.0,12.854030501089325,0
2020-07-25,29.0,29.0,14.0,25.0,27.0,14.0,18.0,22.0,19.0,18.0,23.420479302832245,0
2020-07-26,10.0,9.0,7.0,17.0,25.0,10.0,20.0,17.0,27.0,15.0,17.10239651416122,0
2020-07-27,22.0,17.0,16.0,15.0,23.0,15.0,24.0,22.0,33.0,16.0,22.113289760348586,0
2020-07-28,12.0,13.0,12.0,9.0,16.0,20.0,8.0,6.0,6.0,4.0,11.546840958605666,0
2020-07-29,25.0,16.0,25.0,12.0,17.0,21.0,18.0,15.0,25.0,9.0,19.934640522875817,0
2020-07-30,19.0,5.0,19.0,21.0,13.0,18.0,11.0,19.0,19.0,9.0,16.666666666666668,0
2020-07-31,14.0,6.0,3.0,7.0,19.0,3.0,9.0,7.0,7.0,13.0,9.586056644880175,0
2020-08-01,15.0,17.0,23.0,19.0,8.0,15.0,6.0,19.0,20.0,14.0,16.99346405228758,0
2020-08-02,14.0,9.0,23.0,13.0,22.0,23.0,14.0,14.0,21.0,20.0,18.845315904139433,0
2020-08-03,12.0,5.0,15.0,12.0,10.0,6.0,5.0,9.0,16.0,7.0,10.566448801742919,0
2020-08-04,12.0,19.0,12.0,15.0,17.0,24.0,16.0,16.0,6.0,11.0,16.122004357298476,0
2020-08-05,27.0,19.0,18.0,21.0,16.0,32.0,31.0,9.0,32.0,20.0,24.50980392156863,0
2020-08-06,13.0,3.0,13.0,6.0,14.0,16.0,11.0,10.0,13.0,10.0,11.87363834422658,0
2020-08-07,10.0,15.0,3.0,14.0,8.0,10.0,3.0,7.0,7.0,2.0,8.60566448801743,0
2020-08-08,19.0,3.0,23.0,8.0,33.0,18.0,16.0,15.0,28.0,11.0,18.95424836601307,0
2020-08-09,7.0,13.0,14.0,18.0,16.0,18.0,9.0,18.0,8.0,11.0,14.379084967320262,0
2020-08-10,19.0,8.0,12.0,3.0,10.0,24.0,10.0,12.0,22.0,14.0,14.596949891067538,0
2020-08-11,13.0,19.0,9.0,9.0,10.0,12.0,16.0,16.0,13.0,7.0,13.507625272331156,0
2020-08-12,19.0,16.0,22.0,6.0,24.0,12.0,13.0,16.0,16.0,18.0,17.647058823529413,0
2020-08-13,25.0,27.0,25.0,22.0,20.0,15.0,10.0,16.0,19.0,11.0,20.697167755991288,0
2020-08-14,23.0,14.0,10.0,13.0,25.0,38.0,30.0,23.0,34.0,10.0,23.965141612200437,0
2020-08-15,4.0,7.0,7.0,15.0,4.0,18.0,9.0,4.0,0.0,8.0,8.278867102396514,0
2020-08-16,14.0,6.0,18.0,14.0,16.0,11.0,9.0,22.0,19.0,11.0,15.250544662309368,0
2020-08-17,12.0,16.0,22.0,18.0,13.0,30.0,3.0,12.0,19.0,13.0,17.21132897603486,0
2020-08-18,19.0,11.0,25.0,18.0,10.0,9.0,10.0,12.0,10.0,11.0,14.705882352941178,0
2020-08-19,12.0,11.0,21.0,18.0,30.0,24.0,15.0,18.0,16.0,18.0,19.934640522875817,0
2020-08-20,21.0,8.0,18.0,12.0,7.0,15.0,18.0,12.0,9.0,0.0,13.071895424836601,0
2020-08-21,12.0,5.0,6.0,12.0,16.0,12.0,5.0,12.0,12.0,11.0,11.22004357298475,0
2020-08-22,34.0,21.0,37.0,17.0,25.0,23.0,32.0,20.0,28.0,22.0,28.21350762527233,0
2020-08-23,13.0,12.0,19.0,10.0,25.0,28.0,11.0,13.0,14.0,7.0,16.55773420479303,0
2020-08-24,23.0,8.0,14.0,14.0,28.0,25.0,12.0,20.0,18.0,11.0,18.845315904139433,0
2020-08-25,26.0,25.0,32.0,26.0,25.0,28.0,25.0,23.0,27.0,13.0,27.233115468409586,0
2020-08-26,15.0,15.0,20.0,26.0,16.0,20.0,15.0,9.0,15.0,11.0,17.647058823529413,0
2020-08-27,12.0,18.0,12.0,20.0,19.0,14.0,15.0,17.0,12.0,4.0,15.577342047930284,0
2020-08-28,27.0,24.0,24.0,38.0,19.0,26.0,28.0,27.0,28.0,24.0,28.867102396514163,0
2020-08-29,23.0,31.0,35.0,28.0,14.0,16.0,19.0,19.0,17.0,9.0,22.984749455337692,0
2020-08-30,16.0,23.0,13.0,22.0,25.0,13.0,22.0,23.0,17.0,12.0,20.261437908496735,0
2020-08-31,6.0,22.0,14.0,14.0,37.0,19.0,10.0,20.0,14.0,8.0,17.864923747276688,0
2020-09-01,26.0,18.0,31.0,20.0,34.0,25.0,17.0,49.0,39.0,15.0,29.847494553376908,0
2020-09-02,23.0,23.0,26.0,20.0,28.0,20.0,15.0,23.0,21.0,17.0,23.529411764705884,0
2020-09-03,31.0,30.0,31.0,33.0,31.0,17.0,19.0,34.0,38.0,25.0,31.48148148148148,0
2020-09-04,32.0,18.0,20.0,34.0,25.0,34.0,30.0,30.0,27.0,19.0,29.302832244008716,0
2020-09-05,37.0,9.0,17.0,13.0,21.0,29.0,20.0,13.0,24.0,12.0,21.241830065359476,0
2020-09-06,20.0,29.0,23.0,13.0,43.0,32.0,28.0,30.0,31.0,29.0,30.28322440087146,0
2020-09-07,14.0,30.0,20.0,39.0,31.0,11.0,14.0,28.0,15.0,14.0,23.529411764705884,0
2020-09-08,31.0,17.0,25.0,30.0,30.0,22.0,24.0,22.0,40.0,22.0,28.649237472766885,0
2020-09-09,31.0,25.0,26.0,36.0,25.0,33.0,26.0,31.0,23.0,15.0,29.52069716775599,0
2020-09-10,38.0,26.0,29.0,32.0,25.0,23.0,30.0,35.0,30.0,26.0,32.02614379084967,0
2020-09-11,18.0,18.0,30.0,9.0,10.0,20.0,13.0,24.0,19.0,13.0,18.95424836601307,0
2020-09-12,29.0,32.0,13.0,29.0,21.0,16.0,22.0,26.0,20.0,17.0,24.50980392156863,0
2020-09-13,33.0,31.0,48.0,32.0,46.0,35.0,41.0,62.0,54.0,35.0,45.42483660130719,0
2020-09-14,17.0,12.0,23.0,17.0,15.0,14.0,12.0,14.0,21.0,19.0,17.864923747276688,0
2020-09-15,12.0,10.0,12.0,9.0,16.0,17.0,7.0,14.0,27.0,8.0,14.379084967320262,0
2020-09-16,23.0,20.0,14.0,14.0,19.0,31.0,17.0,15.0,27.0,17.0,21.459694989106755,0
2020-09-17,29.0,26.0,29.0,23.0,22.0,26.0,12.0,41.0,30.0,19.0,27.995642701525057,0
2020-09-18,15.0,13.0,15.0,18.0,20.0,18.0,15.0,18.0,16.0,7.0,16.884531590413943,0
2020-09-19,17.0,12.0,35.0,14.0,30.0,27.0,29.0,28.0,18.0,15.0,24.50980392156863,0
2020-09-20,23.0,17.0,10.0,10.0,21.0,32.0,19.0,20.0,24.0,17.0,21.0239651416122,0
2020-09-21,22.0,17.0,17.0,16.0,21.0,16.0,19.0,20.0,20.0,12.0,19.607843137254903,0
2020-08-22,31.0,39.0,33.0,16.0,48.0,31.0,46.0,53.0,60.0,58.0,51.23456790123457,1
2020-08-23,61.0,27.0,27.0,5.0,31.0,20.0,33.0,46.0,45.0,25.0,39.50617283950617,1
2020-08-24,18.0,24.0,23.0,27.0,28.0,9.0,20.0,46.0,17.0,49.0,32.22222222222222,1
2020-08-25,36.0,38.0,42.0,59.0,18.0,45.0,49.0,40.0,41.0,55.0,52.22222222222222,1
2020-08-26,40.0,48.0,19.0,22.0,28.0,27.0,25.0,35.0,17.0,11.0,33.58024691358025,1
2020-08-27,22.0,38.0,24.0,41.0,19.0,26.0,25.0,17.0,40.0,27.0,34.44444444444444,1
2020-08-28,32.0,53.0,44.0,42.0,66.0,41.0,56.0,78.0,47.0,51.0,62.96296296296296,1
2020-08-29,55.0,37.0,42.0,40.0,46.0,25.0,66.0,39.0,70.0,49.0,57.901234567901234,1
2020-08-30,30.0,22.0,16.0,25.0,10.0,30.0,44.0,39.0,38.0,37.0,35.925925925925924,1
2020-08-31,17.0,37.0,23.0,13.0,22.0,17.0,14.0,50.0,28.0,27.0,30.617283950617285,1
2020-09-01,36.0,47.0,56.0,44.0,55.0,35.0,58.0,80.0,51.0,33.0,61.111111111111114,1
2020-09-02,31.0,62.0,28.0,40.0,33.0,31.0,40.0,74.0,29.0,38.0,50.123456790123456,1
2020-09-03,18.0,42.0,51.0,35.0,32.0,13.0,24.0,73.0,62.0,32.0,47.1604938271605,1
2020-09-04,63.0,54.0,34.0,50.0,38.0,41.0,55.0,58.0,29.0,89.0,63.08641975308642,1
2020-09-05,41.0,27.0,44.0,31.0,48.0,26.0,34.0,46.0,26.0,25.0,42.962962962962955,1
2020-09-06,57.0,49.0,60.0,46.0,21.0,36.0,34.0,100.0,46.0,45.0,60.98765432098765,1
2020-09-07,17.0,61.0,41.0,26.0,36.0,39.0,29.0,34.0,61.0,60.0,49.876543209876544,1
2020-09-08,68.0,41.0,41.0,30.0,31.0,55.0,80.0,55.0,61.0,48.0,62.96296296296296,1
2020-09-09,48.0,42.0,19.0,35.0,54.0,60.0,58.0,73.0,56.0,64.0,62.839506172839506,1
2020-09-10,58.0,34.0,71.0,41.0,47.0,40.0,75.0,53.0,86.0,72.0,71.23456790123457,1
2020-09-11,32.0,15.0,39.0,46.0,28.0,23.0,76.0,30.0,35.0,39.0,44.81481481481481,1
2020-09-12,15.0,47.0,16.0,40.0,36.0,25.0,33.0,45.0,45.0,18.0,39.50617283950617,1
2020-09-13,60.0,96.0,68.0,55.0,99.0,79.0,44.0,96.0,83.0,92.0,95.30864197530865,1
2020-09-14,31.0,23.0,14.0,22.0,18.0,17.0,43.0,11.0,11.0,48.0,29.382716049382715,1
2020-09-15,27.0,33.0,28.0,22.0,28.0,35.0,29.0,17.0,23.0,38.0,34.5679012345679,1
2020-09-16,45.0,33.0,47.0,36.0,19.0,27.0,39.0,29.0,58.0,56.0,48.02469135802469,1
2020-09-17,31.0,53.0,38.0,50.0,66.0,40.0,55.0,64.0,63.0,56.0,63.7037037037037,1
2020-09-18,23.0,20.0,15.0,43.0,20.0,14.0,31.0,18.0,24.0,40.0,30.617283950617285,1
2020-09-19,32.0,28.0,39.0,43.0,27.0,42.0,29.0,28.0,55.0,46.0,45.55555555555556,1
2020-09-20,40.0,43.0,11.0,46.0,26.0,35.0,50.0,59.0,52.0,44.0,50.123456790123456,1
2020-09-21,30.0,32.0,36.0,35.0,18.0,26.0,28.0,34.0,33.0,27.0,36.91358024691358,1
2020-09-22,35.0,14.0,42.0,48.0,41.0,39.0,19.0,63.0,17.0,32.0,43.20987654320987,1
2020-09-23,36.0,38.0,33.0,41.0,32.0,40.0,25.0,35.0,17.0,39.0,41.48148148148148,1
2020-09-24,48.0,56.0,37.0,49.0,41.0,35.0,39.0,45.0,62.0,16.0,52.839506172839506,1
2020-09-25,54.0,41.0,41.0,39.0,45.0,48.0,37.0,69.0,68.0,66.0,62.71604938271605,1
2020-09-26,21.0,45.0,44.0,57.0,32.0,61.0,52.0,67.0,33.0,51.0,57.160493827160494,1
2020-09-27,16.0,45.0,22.0,16.0,39.0,21.0,35.0,41.0,55.0,39.0,40.617283950617285,1
2020-09-28,23.0,19.0,19.0,51.0,38.0,23.0,46.0,36.0,18.0,23.0,36.54320987654321,1
2020-09-29,37.0,70.0,44.0,47.0,39.0,46.0,31.0,42.0,42.0,23.0,51.97530864197531,1
2020-09-30,24.0,30.0,45.0,29.0,39.0,38.0,42.0,31.0,55.0,35.0,45.432098765432094,1
2020-10-01,28.0,35.0,50.0,38.0,24.0,23.0,31.0,18.0,48.0,47.0,42.22222222222223,1
2020-10-02,39.0,37.0,36.0,30.0,30.0,43.0,32.0,31.0,38.0,73.0,48.02469135802469,1
2020-10-03,49.0,58.0,40.0,22.0,22.0,48.0,36.0,56.0,62.0,26.0,51.72839506172839,1
2020-10-04,51.0,27.0,48.0,25.0,58.0,51.0,50.0,33.0,13.0,31.0,47.777777777777786,1
2020-10-05,33.0,30.0,15.0,33.0,53.0,9.0,36.0,24.0,54.0,40.0,40.370370370370374,1
2020-10-06,33.0,45.0,29.0,33.0,14.0,32.0,46.0,48.0,65.0,34.0,46.79012345679013,1
2020-10-07,47.0,15.0,25.0,33.0,49.0,14.0,47.0,49.0,36.0,52.0,45.308641975308646,1
2020-10-08,37.0,30.0,35.0,23.0,34.0,28.0,52.0,36.0,60.0,23.0,44.197530864197525,1
2020-10-09,58.0,28.0,28.0,37.0,22.0,32.0,35.0,41.0,41.0,46.0,45.432098765432094,1
2020-10-10,44.0,12.0,47.0,40.0,52.0,22.0,31.0,44.0,43.0,69.0,49.876543209876544,1
2020-10-11,45.0,60.0,61.0,57.0,100.0,56.0,44.0,80.0,36.0,49.0,72.5925925925926,1
2020-10-12,25.0,33.0,33.0,41.0,32.0,25.0,6.0,26.0,20.0,25.0,32.839506172839506,1
2020-10-13,41.0,44.0,44.0,37.0,60.0,41.0,52.0,33.0,33.0,70.0,56.17283950617284,1
2020-10-14,61.0,44.0,54.0,41.0,63.0,51.0,62.0,46.0,72.0,57.0,68.0246913580247,1
2020-10-15,63.0,39.0,82.0,57.0,32.0,31.0,52.0,87.0,40.0,64.0,67.53086419753086,1
2020-10-16,38.0,46.0,40.0,38.0,39.0,54.0,36.0,48.0,34.0,53.0,52.592592592592595,1
2020-10-17,40.0,55.0,36.0,46.0,35.0,68.0,38.0,67.0,81.0,64.0,65.4320987654321,1
2020-10-18,34.0,66.0,48.0,46.0,53.0,28.0,31.0,37.0,72.0,21.0,53.82716049382716,1
2020-10-19,10.0,27.0,37.0,20.0,42.0,25.0,33.0,13.0,38.0,19.0,32.592592592592595,1
2020-10-20,30.0,48.0,32.0,46.0,36.0,30.0,44.0,45.0,45.0,81.0,53.95061728395062,1
2020-10-21,46.0,37.0,48.0,41.0,37.0,55.0,28.0,52.0,39.0,38.0,51.97530864197531,1
2020-10-22,36.0,22.0,38.0,21.0,26.0,46.0,28.0,27.0,39.0,44.0,40.370370370370374,1
2020-10-23,47.0,33.0,39.0,42.0,48.0,26.0,57.0,40.0,40.0,71.0,54.69135802469136,1
2020-10-24,16.0,57.0,40.0,27.0,28.0,16.0,66.0,50.0,49.0,34.0,47.28395061728394,1
2020-10-25,37.0,0.0,55.0,16.0,43.0,36.0,11.0,34.0,33.0,32.0,36.666666666666664,1
2020-10-26,29.0,37.0,26.0,20.0,20.0,34.0,16.0,44.0,44.0,49.0,39.382716049382715,1
2020-10-27,40.0,37.0,48.0,40.0,52.0,35.0,22.0,52.0,57.0,37.0,51.851851851851855,1
2020-10-28,25.0,27.0,26.0,61.0,21.0,35.0,33.0,52.0,45.0,38.0,44.81481481481481,1
2020-10-29,36.0,16.0,32.0,31.0,37.0,35.0,23.0,39.0,20.0,25.0,36.2962962962963,1
2020-10-30,10.0,39.0,49.0,26.0,21.0,16.0,11.0,14.0,40.0,44.0,33.333333333333336,1
2020-10-31,49.0,35.0,35.0,44.0,29.0,38.0,42.0,35.0,35.0,40.0,47.1604938271605,1
2020-11-01,43.0,40.0,68.0,55.0,62.0,49.0,30.0,50.0,83.0,80.0,69.1358024691358,1
2020-11-02,49.0,41.0,51.0,34.0,65.0,48.0,59.0,44.0,31.0,42.0,57.28395061728395,1
2020-11-03,34.0,31.0,51.0,39.0,35.0,49.0,49.0,38.0,87.0,48.0,56.91358024691358,1
2020-11-04,45.0,34.0,33.0,36.0,33.0,31.0,50.0,47.0,63.0,61.0,53.45679012345679,1
2020-11-05,27.0,14.0,29.0,18.0,19.0,18.0,30.0,35.0,17.0,50.0,31.728395061728396,1
2020-11-06,28.0,30.0,30.0,24.0,34.0,37.0,41.0,18.0,42.0,70.0,43.7037037037037,1
2020-11-07,46.0,48.0,32.0,35.0,31.0,35.0,28.0,71.0,65.0,31.0,52.098765432098766,1
2020-11-08,16.0,40.0,39.0,38.0,6.0,53.0,29.0,41.0,54.0,58.0,46.17283950617284,1
2020-11-09,78.0,36.0,57.0,44.0,76.0,73.0,32.0,50.0,62.0,79.0,72.46913580246914,1
2020-11-10,40.0,48.0,21.0,30.0,26.0,40.0,44.0,39.0,25.0,31.0,42.46913580246913,1
2020-11-11,54.0,68.0,62.0,74.0,46.0,49.0,71.0,44.0,57.0,30.0,68.51851851851852,1
2020-11-12,50.0,42.0,52.0,35.0,25.0,34.0,38.0,64.0,50.0,67.0,56.41975308641975,1
2020-11-13,35.0,59.0,42.0,50.0,57.0,50.0,44.0,52.0,64.0,62.0,63.58024691358025,1
2020-11-14,59.0,46.0,52.0,60.0,39.0,16.0,89.0,98.0,28.0,53.0,66.66666666666667,1
2020-11-15,32.0,50.0,34.0,48.0,55.0,37.0,46.0,34.0,61.0,26.0,52.22222222222222,1
2020-11-16,100.0,66.0,60.0,100.0,25.0,47.0,78.0,92.0,86.0,99.0,92.96296296296296,1
2020-11-17,53.0,41.0,40.0,63.0,55.0,68.0,53.0,100.0,86.0,65.0,77.03703703703704,1
2020-11-18,54.0,58.0,63.0,30.0,46.0,39.0,38.0,58.0,56.0,54.0,61.23456790123457,1
2020-11-19,49.0,46.0,46.0,39.0,45.0,38.0,48.0,50.0,49.0,18.0,52.839506172839506,1
2020-11-20,51.0,43.0,43.0,40.0,52.0,25.0,62.0,52.0,19.0,75.0,57.03703703703704,1
2020-11-21,30.0,48.0,38.0,26.0,37.0,25.0,22.0,26.0,58.0,57.0,45.308641975308646,1
2020-11-22,42.0,17.0,67.0,32.0,22.0,31.0,35.0,27.0,40.0,26.0,41.851851851851855,1
2020-11-23,66.0,35.0,80.0,47.0,50.0,33.0,63.0,98.0,36.0,58.0,69.87654320987654,1
2020-11-24,33.0,85.0,50.0,43.0,54.0,65.0,52.0,60.0,90.0,93.0,77.1604938271605,1
2020-11-25,43.0,61.0,100.0,52.0,49.0,94.0,84.0,61.0,97.0,82.0,89.25925925925925,1
2020-11-26,57.0,50.0,44.0,52.0,59.0,28.0,47.0,85.0,60.0,52.0,65.92592592592592,1
2020-11-27,37.0,40.0,70.0,61.0,53.0,37.0,46.0,36.0,48.0,46.0,58.51851851851852,1
2020-11-28,42.0,84.0,33.0,36.0,59.0,41.0,63.0,67.0,39.0,57.0,64.32098765432099,1
2020-11-29,41.0,49.0,49.0,47.0,16.0,62.0,46.0,33.0,26.0,25.0,48.641975308641975,1
2020-11-30,33.0,55.0,40.0,28.0,34.0,47.0,31.0,54.0,60.0,40.0,52.098765432098766,1
2020-12-01,29.0,51.0,36.0,48.0,30.0,48.0,37.0,50.0,31.0,36.0,48.888888888888886,1
2020-12-02,40.0,37.0,36.0,29.0,25.0,58.0,27.0,57.0,63.0,42.0,51.111111111111114,1
2020-12-03,40.0,36.0,32.0,40.0,56.0,24.0,49.0,51.0,62.0,60.0,55.55555555555556,1
2020-12-04,35.0,26.0,31.0,50.0,46.0,68.0,27.0,38.0,38.0,54.0,50.98765432098765,1
2020-12-05,31.0,62.0,39.0,16.0,22.0,58.0,63.0,55.0,67.0,13.0,52.592592592592595,1
2020-12-06,58.0,67.0,33.0,58.0,87.0,68.0,52.0,68.0,67.0,58.0,76.04938271604938,1
2020-12-07,52.0,71.0,55.0,71.0,84.0,71.0,100.0,85.0,98.0,88.0,95.67901234567901,1
2020-12-08,48.0,26.0,35.0,52.0,44.0,47.0,42.0,56.0,80.0,41.0,58.148148148148145,1
2020-12-09,64.0,57.0,62.0,53.0,50.0,58.0,64.0,76.0,100.0,85.0,82.59259259259261,1
2020-12-10,50.0,42.0,42.0,35.0,41.0,49.0,49.0,57.0,57.0,30.0,55.80246913580247,1
2020-12-11,46.0,54.0,48.0,61.0,42.0,45.0,78.0,58.0,65.0,50.0,67.53086419753086,1
2020-12-12,53.0,45.0,79.0,59.0,50.0,36.0,58.0,55.0,67.0,59.0,69.25925925925925,1
2020-12-13,59.0,91.0,50.0,43.0,66.0,74.0,59.0,63.0,82.0,59.0,79.75308641975307,1
2020-12-14,23.0,25.0,39.0,33.0,38.0,23.0,41.0,30.0,59.0,51.0,44.69135802469136,1
2020-12-15,48.0,46.0,20.0,34.0,40.0,33.0,27.0,37.0,43.0,41.0,45.55555555555556,1
2020-12-16,40.0,37.0,11.0,25.0,41.0,20.0,55.0,26.0,58.0,67.0,46.91358024691358,1
2020-12-17,40.0,16.0,42.0,50.0,62.0,49.0,50.0,64.0,57.0,49.0,59.135802469135804,1
2020-12-18,46.0,49.0,49.0,41.0,27.0,36.0,51.0,66.0,72.0,64.0,61.851851851851855,1
2020-12-19,49.0,46.0,46.0,66.0,50.0,59.0,65.0,70.0,97.0,73.0,76.66666666666667,1
2020-12-20,65.0,46.0,28.0,38.0,33.0,91.0,96.0,70.0,69.0,100.0,78.51851851851852,1
2020-12-21,51.0,59.0,53.0,30.0,52.0,50.0,55.0,46.0,39.0,56.0,60.617283950617285,1
2020-12-22,36.0,44.0,60.0,41.0,37.0,51.0,39.0,65.0,65.0,63.0,61.851851851851855,1
2020-12-23,37.0,73.0,56.0,64.0,66.0,26.0,47.0,48.0,68.0,65.0,67.90123456790124,1
2020-12-24,20.0,56.0,55.0,39.0,27.0,65.0,51.0,51.0,58.0,16.0,54.074074074074076,1
2020-12-25,34.0,24.0,23.0,39.0,23.0,17.0,18.0,43.0,36.0,42.0,36.91358024691358,1
2020-12-26,48.0,51.0,34.0,43.0,50.0,96.0,66.0,77.0,89.0,80.0,78.27160493827161,1
2020-12-27,45.0,48.0,5.0,40.0,21.0,35.0,44.0,33.0,19.0,37.0,40.370370370370374,1
2020-12-28,44.0,52.0,41.0,29.0,36.0,29.0,48.0,82.0,38.0,48.0,55.18518518518518,1
2020-12-29,69.0,31.0,63.0,50.0,41.0,69.0,43.0,44.0,57.0,80.0,67.53086419753086,1
2020-12-30,35.0,21.0,26.0,25.0,31.0,25.0,44.0,33.0,25.0,18.0,34.93827160493827,1
2020-12-31,29.0,67.0,37.0,52.0,24.0,29.0,32.0,45.0,29.0,49.0,48.51851851851851,1
2021-01-01,28.0,36.0,24.0,51.0,35.0,22.0,25.0,36.0,29.0,35.0,39.629629629629626,1
2021-01-02,47.0,50.0,39.0,37.0,43.0,31.0,34.0,60.0,67.0,58.0,57.53086419753087,1
2021-01-03,54.0,70.0,58.0,49.0,34.0,53.0,90.0,99.0,76.0,73.0,80.98765432098764,1
2021-01-04,44.0,67.0,67.0,44.0,61.0,68.0,59.0,88.0,56.0,72.0,77.28395061728395,1
2021-01-05,35.0,16.0,47.0,20.0,46.0,34.0,38.0,38.0,26.0,24.0,40.0,1
2021-01-06,52.0,38.0,27.0,31.0,21.0,31.0,80.0,80.0,13.0,45.0,51.60493827160494,1
2021-01-07,34.0,26.0,31.0,20.0,36.0,39.0,37.0,38.0,31.0,48.0,41.97530864197531,1
2021-01-08,35.0,48.0,16.0,40.0,36.0,30.0,33.0,64.0,51.0,43.0,48.888888888888886,1
2021-01-09,16.0,23.0,6.0,32.0,17.0,32.0,18.0,35.0,41.0,60.0,34.5679012345679,1
2021-01-10,27.0,34.0,23.0,11.0,34.0,38.0,42.0,42.0,28.0,27.0,37.77777777777778,1
2021-01-11,25.0,47.0,46.0,34.0,10.0,14.0,32.0,51.0,43.0,42.0,42.46913580246913,1
2021-01-12,50.0,27.0,47.0,25.0,41.0,39.0,44.0,64.0,51.0,30.0,51.60493827160494,1
2021-01-13,35.0,37.0,37.0,20.0,41.0,25.0,33.0,51.0,32.0,43.0,43.7037037037037,1
2021-01-14,65.0,11.0,31.0,30.0,41.0,45.0,44.0,65.0,51.0,36.0,51.72839506172839,1
2021-01-15,45.0,21.0,48.0,30.0,31.0,20.0,17.0,20.0,51.0,43.0,40.24691358024691,1
2021-01-16,49.0,29.0,12.0,44.0,40.0,33.0,42.0,35.0,28.0,54.0,45.18518518518518,1
2021-01-17,22.0,17.0,40.0,16.0,45.0,32.0,30.0,42.0,49.0,46.0,41.851851851851855,1
2021-01-18,34.0,46.0,51.0,48.0,15.0,33.0,32.0,43.0,37.0,53.0,48.39506172839507,1
2021-01-19,19.0,26.0,31.0,25.0,15.0,38.0,27.0,38.0,37.0,48.0,37.53086419753087,1
2021-01-20,38.0,46.0,25.0,38.0,30.0,47.0,57.0,55.0,61.0,48.0,54.93827160493827,1
2021-01-21,19.0,26.0,15.0,19.0,20.0,14.0,32.0,31.0,37.0,54.0,32.96296296296296,1
2021-01-22,20.0,32.0,42.0,39.0,31.0,24.0,49.0,51.0,44.0,48.0,46.91358024691358,1
2021-01-23,22.0,51.0,40.0,44.0,22.0,27.0,42.0,49.0,62.0,27.0,47.65432098765432,1
2021-01-24,49.0,40.0,34.0,49.0,56.0,21.0,36.0,42.0,62.0,40.0,52.96296296296296,1
2021-01-25,28.0,50.0,25.0,38.0,39.0,51.0,47.0,42.0,48.0,40.0,50.37037037037037,1
2021-01-26,38.0,35.0,30.0,38.0,25.0,38.0,42.0,43.0,18.0,41.0,42.962962962962955,1
2021-01-27,49.0,47.0,36.0,29.0,35.0,43.0,59.0,51.0,43.0,60.0,55.80246913580247,1
2021-01-28,35.0,58.0,47.0,45.0,41.0,30.0,33.0,65.0,57.0,37.0,55.30864197530864,1
2021-01-29,40.0,53.0,32.0,50.0,42.0,59.0,61.0,77.0,64.0,68.0,67.4074074074074,1
2021-01-30,38.0,63.0,23.0,43.0,22.0,48.0,47.0,42.0,35.0,53.0,51.111111111111114,1
2021-01-31,11.0,17.0,17.0,5.0,11.0,27.0,36.0,35.0,27.0,20.0,25.432098765432098,1
2021-02-01,34.0,57.0,21.0,49.0,25.0,19.0,21.0,50.0,31.0,42.0,43.08641975308642,1
2021-02-02,54.0,31.0,51.0,15.0,46.0,39.0,49.0,38.0,50.0,60.0,53.45679012345679,1
2021-02-03,35.0,16.0,16.0,40.0,31.0,15.0,38.0,26.0,38.0,24.0,34.44444444444444,1
2021-02-04,25.0,32.0,21.0,5.0,10.0,25.0,34.0,26.0,58.0,25.0,32.22222222222222,1
2021-02-05,15.0,27.0,22.0,21.0,37.0,25.0,28.0,33.0,52.0,44.0,37.53086419753087,1
2021-02-06,22.0,23.0,23.0,17.0,28.0,16.0,18.0,28.0,21.0,13.0,25.80246913580247,1
2021-02-07,66.0,35.0,29.0,49.0,23.0,32.0,61.0,50.0,35.0,20.0,49.382716049382715,1
2021-02-08,44.0,36.0,52.0,39.0,41.0,44.0,54.0,75.0,38.0,42.0,57.407407407407405,1
2021-02-09,20.0,27.0,42.0,20.0,31.0,20.0,22.0,19.0,32.0,24.0,31.728395061728396,1
2021-02-10,50.0,73.0,48.0,49.0,51.0,25.0,49.0,39.0,70.0,68.0,64.44444444444444,1
2021-02-11,36.0,65.0,48.0,26.0,47.0,61.0,34.0,59.0,59.0,44.0,59.135802469135804,1
2021-02-12,31.0,27.0,49.0,26.0,37.0,36.0,34.0,54.0,53.0,63.0,50.617283950617285,1
2021-02-13,27.0,23.0,40.0,16.0,28.0,38.0,54.0,56.0,42.0,67.0,48.27160493827161,1
2021-02-14,39.0,36.0,54.0,34.0,41.0,33.0,50.0,87.0,43.0,55.0,58.27160493827161,1
2021-02-15,20.0,42.0,26.0,25.0,46.0,44.0,44.0,32.0,51.0,43.0,46.04938271604938,1
2021-02-16,50.0,26.0,37.0,50.0,57.0,54.0,60.0,58.0,70.0,67.0,65.30864197530865,1
2021-02-17,55.0,32.0,37.0,30.0,57.0,45.0,61.0,78.0,64.0,31.0,60.49382716049383,1
2021-02-18,10.0,27.0,32.0,25.0,36.0,25.0,28.0,26.0,26.0,18.0,31.234567901234566,1
2021-02-19,50.0,79.0,37.0,36.0,31.0,45.0,50.0,46.0,51.0,62.0,60.123456790123456,1
2021-02-20,53.0,34.0,61.0,37.0,38.0,31.0,35.0,62.0,61.0,65.0,58.888888888888886,1
2021-02-21,60.0,69.0,29.0,38.0,28.0,49.0,48.0,57.0,69.0,54.0,61.851851851851855,1
2021-02-22,52.0,46.0,20.0,33.0,30.0,52.0,26.0,56.0,49.0,59.0,52.22222222222222,1
2021-02-23,35.0,53.0,26.0,49.0,36.0,39.0,49.0,38.0,56.0,42.0,52.22222222222222,1
2021-02-24,20.0,26.0,26.0,24.0,35.0,24.0,49.0,63.0,43.0,36.0,42.71604938271605,1
2021-02-25,30.0,16.0,37.0,10.0,21.0,20.0,0.0,26.0,25.0,18.0,25.061728395061728,1
2021-02-26,21.0,38.0,27.0,26.0,48.0,20.0,39.0,46.0,40.0,51.0,43.95061728395062,1
2021-02-27,17.0,47.0,29.0,0.0,29.0,16.0,12.0,29.0,35.0,14.0,28.14814814814815,1
2021-02-28,22.0,12.0,23.0,27.0,11.0,38.0,18.0,0.0,7.0,27.0,22.839506172839506,1
2021-03-01,44.0,52.0,31.0,55.0,56.0,49.0,60.0,78.0,51.0,43.0,64.07407407407408,1
2021-03-02,41.0,65.0,58.0,55.0,42.0,55.0,45.0,59.0,84.0,56.0,69.1358024691358,1
2021-03-03,15.0,42.0,26.0,25.0,15.0,49.0,59.0,45.0,56.0,42.0,46.17283950617284,1
2021-03-04,35.0,37.0,53.0,35.0,21.0,35.0,38.0,32.0,45.0,62.0,48.51851851851851,1
2021-03-05,46.0,50.0,16.0,41.0,69.0,41.0,40.0,73.0,92.0,25.0,60.864197530864196,1
2021-03-06,80.0,39.0,56.0,27.0,82.0,52.0,64.0,82.0,54.0,39.0,70.98765432098766,1
2021-03-07,32.0,23.0,28.0,32.0,45.0,43.0,59.0,55.0,27.0,20.0,44.93827160493827,1
2021-03-08,20.0,58.0,16.0,29.0,26.0,20.0,22.0,44.0,44.0,42.0,39.629629629629626,1
2021-03-09,19.0,51.0,56.0,49.0,50.0,58.0,37.0,44.0,74.0,42.0,59.25925925925926,1
2021-03-10,44.0,57.0,52.0,44.0,20.0,48.0,53.0,81.0,44.0,42.0,59.876543209876544,1
2021-03-11,29.0,31.0,15.0,19.0,30.0,14.0,21.0,25.0,31.0,42.0,31.728395061728396,1
2021-03-12,30.0,33.0,38.0,30.0,21.0,35.0,33.0,46.0,26.0,31.0,39.87654320987654,1
2021-03-13,56.0,60.0,38.0,47.0,48.0,46.0,56.0,60.0,52.0,63.0,64.93827160493827,1
2021-03-14,77.0,44.0,61.0,52.0,32.0,46.0,75.0,27.0,33.0,77.0,64.69135802469135,1
2021-03-15,28.0,34.0,34.0,36.0,33.0,28.0,22.0,46.0,46.0,44.0,43.333333333333336,1
2021-03-16,31.0,42.0,23.0,44.0,41.0,17.0,38.0,39.0,51.0,38.0,44.93827160493827,1
2021-03-17,64.0,37.0,57.0,50.0,36.0,34.0,60.0,64.0,51.0,73.0,64.93827160493827,1
2021-03-18,50.0,53.0,57.0,39.0,46.0,59.0,44.0,32.0,57.0,67.0,62.22222222222222,1
2021-03-19,41.0,49.0,65.0,52.0,58.0,46.0,74.0,73.0,46.0,32.0,66.17283950617283,1
2021-03-20,32.0,51.0,61.0,75.0,72.0,42.0,65.0,34.0,68.0,79.0,71.48148148148148,1
2021-03-21,32.0,63.0,40.0,43.0,55.0,38.0,54.0,83.0,41.0,72.0,64.32098765432099,1
2021-03-22,53.0,52.0,26.0,49.0,35.0,38.0,37.0,62.0,56.0,54.0,57.03703703703704,1
2021-03-23,24.0,53.0,36.0,24.0,60.0,39.0,54.0,69.0,82.0,54.0,61.111111111111114,1
2021-03-24,34.0,56.0,71.0,44.0,55.0,43.0,53.0,43.0,55.0,53.0,62.592592592592595,1
2021-03-25,14.0,56.0,36.0,29.0,35.0,58.0,53.0,62.0,56.0,36.0,53.7037037037037,1
2021-03-26,40.0,54.0,43.0,31.0,36.0,15.0,39.0,39.0,39.0,62.0,49.1358024691358,1
2021-03-27,31.0,66.0,77.0,83.0,59.0,71.0,40.0,94.0,73.0,76.0,82.71604938271605,1
2021-03-28,36.0,16.0,49.0,47.0,58.0,26.0,34.0,79.0,53.0,32.0,53.08641975308642,1
2021-03-29,63.0,76.0,65.0,58.0,59.0,100.0,84.0,61.0,61.0,70.0,86.04938271604938,1
2021-03-30,40.0,43.0,69.0,65.0,36.0,55.0,67.0,39.0,58.0,62.0,65.92592592592592,1
2021-03-31,65.0,48.0,32.0,55.0,62.0,69.0,39.0,65.0,83.0,49.0,70.0,1
2021-04-01,47.0,28.0,33.0,26.0,54.0,31.0,46.0,7.0,27.0,46.0,42.592592592592595,1
2021-04-02,28.0,65.0,65.0,45.0,46.0,28.0,30.0,65.0,92.0,62.0,64.93827160493827,1
2021-04-03,17.0,25.0,25.0,29.0,30.0,46.0,51.0,30.0,45.0,28.0,40.24691358024691,1
2021-04-04,33.0,18.0,58.0,55.0,45.0,27.0,48.0,49.0,56.0,41.0,53.08641975308642,1
2021-04-05,73.0,100.0,78.0,58.0,92.0,93.0,46.0,87.0,86.0,97.0,100.0,1
2021-04-06,34.0,41.0,41.0,44.0,60.0,52.0,32.0,25.0,85.0,47.0,56.91358024691358,1
2021-04-07,49.0,31.0,46.0,49.0,50.0,34.0,27.0,13.0,31.0,66.0,48.888888888888886,1
2021-04-08,30.0,32.0,21.0,30.0,16.0,15.0,50.0,13.0,26.0,18.0,30.987654320987655,1
2021-04-09,38.0,20.0,20.0,33.0,54.0,28.0,41.0,43.0,30.0,35.0,42.22222222222223,1
2021-04-10,22.0,40.0,51.0,38.0,44.0,37.0,53.0,55.0,48.0,52.0,54.32098765432099,1
2021-04-11,68.0,78.0,44.0,48.0,43.0,26.0,97.0,94.0,66.0,58.0,76.79012345679013,1
2021-04-12,52.0,65.0,50.0,66.0,54.0,66.0,84.0,67.0,48.0,76.0,77.53086419753086,1
2021-04-13,58.0,36.0,36.0,49.0,35.0,67.0,58.0,50.0,50.0,97.0,66.17283950617283,1
2021-04-14,49.0,53.0,47.0,35.0,26.0,29.0,49.0,32.0,50.0,49.0,51.72839506172839,1
2021-04-15,50.0,69.0,68.0,60.0,10.0,59.0,22.0,77.0,64.0,61.0,66.66666666666667,1
2021-04-16,47.0,49.0,60.0,26.0,69.0,56.0,22.0,46.0,46.0,51.0,58.27160493827161,1
2021-04-17,28.0,29.0,53.0,39.0,35.0,44.0,61.0,50.0,35.0,41.0,51.23456790123457,1
2021-04-18,51.0,36.0,55.0,40.0,53.0,34.0,31.0,37.0,80.0,42.0,56.666666666666664,1
2021-04-19,44.0,42.0,58.0,50.0,61.0,58.0,70.0,70.0,69.0,72.0,73.33333333333333,1
2021-04-20,30.0,80.0,52.0,60.0,41.0,39.0,55.0,45.0,64.0,37.0,62.098765432098766,1
2021-04-21,48.0,62.0,57.0,58.0,46.0,53.0,81.0,50.0,93.0,66.0,75.80246913580247,1
2021-04-22,58.0,40.0,45.0,53.0,75.0,47.0,37.0,31.0,74.0,53.0,63.333333333333336,1
2021-04-23,69.0,42.0,67.0,25.0,45.0,49.0,49.0,76.0,100.0,78.0,74.07407407407408,1
2021-04-24,21.0,33.0,33.0,11.0,33.0,21.0,23.0,20.0,27.0,19.0,29.753086419753085,1
2021-04-25,37.0,33.0,50.0,36.0,59.0,41.0,69.0,54.0,46.0,51.0,58.76543209876543,1
2021-04-26,52.0,40.0,50.0,38.0,35.0,42.0,47.0,55.0,48.0,18.0,52.46913580246913,1
2021-04-27,29.0,36.0,26.0,44.0,55.0,43.0,58.0,37.0,49.0,36.0,50.98765432098765,1
2021-04-28,49.0,36.0,41.0,53.0,50.0,58.0,70.0,57.0,50.0,54.0,63.95061728395062,1
2021-04-29,50.0,58.0,58.0,29.0,41.0,59.0,59.0,70.0,69.0,18.0,63.08641975308642,1
2021-04-30,46.0,38.0,27.0,20.0,47.0,35.0,51.0,52.0,39.0,12.0,45.308641975308646,1
